file_name;key_repr
xortool_out/000.out;lH\x04T
xortool_out/001.out;lH\x04\x01
xortool_out/002.out;lH\x04\x05
xortool_out/003.out;mI\x05U
xortool_out/004.out;mI\x05\x00
xortool_out/005.out;mI\x05\x04
xortool_out/006.out;nJ\x06V
xortool_out/007.out;nJ\x06\x03
xortool_out/008.out;nJ\x06\x07
xortool_out/009.out;oK\x07W
xortool_out/010.out;oK\x07\x02
xortool_out/011.out;oK\x07\x06
xortool_out/012.out;hL\x00P
xortool_out/013.out;hL\x00\x05
xortool_out/014.out;hL\x00\x01
xortool_out/015.out;iM\x01Q
xortool_out/016.out;iM\x01\x04
xortool_out/017.out;iM\x01\x00
xortool_out/018.out;jN\x02R
xortool_out/019.out;jN\x02\x07
xortool_out/020.out;jN\x02\x03
xortool_out/021.out;kO\x03S
xortool_out/022.out;kO\x03\x06
xortool_out/023.out;kO\x03\x02
xortool_out/024.out;d@\x0c\\
xortool_out/025.out;d@\x0c\t
xortool_out/026.out;d@\x0c\r
xortool_out/027.out;eA\r]
xortool_out/028.out;eA\r\x08
xortool_out/029.out;eA\r\x0c
xortool_out/030.out;=\x19U\x05
xortool_out/031.out;=\x19UP
xortool_out/032.out;=\x19UT
xortool_out/033.out;>\x1aV\x06
xortool_out/034.out;>\x1aVS
xortool_out/035.out;>\x1aVW
xortool_out/036.out;?\x1bW\x07
xortool_out/037.out;?\x1bWR
xortool_out/038.out;?\x1bWV
xortool_out/039.out;8\x1cP\x00
xortool_out/040.out;8\x1cPU
xortool_out/041.out;8\x1cPQ
xortool_out/042.out;9\x1dQ\x01
xortool_out/043.out;9\x1dQT
xortool_out/044.out;9\x1dQP
xortool_out/045.out;:\x1eR\x02
xortool_out/046.out;:\x1eRW
xortool_out/047.out;:\x1eRS
xortool_out/048.out;;\x1fS\x03
xortool_out/049.out;;\x1fSV
xortool_out/050.out;;\x1fSR
xortool_out/051.out;4\x10\\\x0c
xortool_out/052.out;4\x10\\Y
xortool_out/053.out;4\x10\\]
xortool_out/054.out;5\x11]\r
xortool_out/055.out;5\x11]X
xortool_out/056.out;5\x11]\\
xortool_out/057.out;6\x12^\x0e
xortool_out/058.out;6\x12^[
xortool_out/059.out;6\x12^_
xortool_out/060.out;7\x13_\x0f
xortool_out/061.out;7\x13_Z
xortool_out/062.out;7\x13_^
xortool_out/063.out;0\x14X\x08
xortool_out/064.out;0\x14X]
xortool_out/065.out;0\x14XY
xortool_out/066.out;1\x15Y\t
xortool_out/067.out;1\x15Y\\
xortool_out/068.out;1\x15YX
xortool_out/069.out;2\x16Z\n
xortool_out/070.out;2\x16Z_
xortool_out/071.out;2\x16Z[
xortool_out/072.out;3\x17[\x0b
xortool_out/073.out;3\x17[^
xortool_out/074.out;3\x17[Z
xortool_out/075.out;,\x08D\x14
xortool_out/076.out;,\x08DA
xortool_out/077.out;,\x08DE
xortool_out/078.out;-\tE\x15
xortool_out/079.out;-\tE@
xortool_out/080.out;-\tED
xortool_out/081.out;.\nF\x16
xortool_out/082.out;.\nFC
xortool_out/083.out;.\nFG
xortool_out/084.out;\x2f\x0bG\x17
xortool_out/085.out;\x2f\x0bGB
xortool_out/086.out;\x2f\x0bGF
xortool_out/087.out;(\x0c@\x10
xortool_out/088.out;(\x0c@E
xortool_out/089.out;(\x0c@A
xortool_out/090.out;)\rA\x11
xortool_out/091.out;)\rAD
xortool_out/092.out;)\rA@
xortool_out/093.out;*\x0eB\x12
xortool_out/094.out;*\x0eBG
xortool_out/095.out;*\x0eBC
xortool_out/096.out;+\x0fC\x13
xortool_out/097.out;+\x0fCF
xortool_out/098.out;+\x0fCB
xortool_out/099.out;$\x00L\x1c
xortool_out/100.out;$\x00LI
xortool_out/101.out;$\x00LM
xortool_out/102.out;%\x01M\x1d
xortool_out/103.out;%\x01MH
xortool_out/104.out;%\x01ML
xortool_out/105.out;&\x02N\x1e
xortool_out/106.out;&\x02NK
xortool_out/107.out;&\x02NO
xortool_out/108.out;\x1d9u%
xortool_out/109.out;\x1d9up
xortool_out/110.out;\x1d9ut
xortool_out/111.out;\x1e:v&
xortool_out/112.out;\x1e:vs
xortool_out/113.out;\x1e:vw
xortool_out/114.out;\x1f;w'
xortool_out/115.out;\x1f;wr
xortool_out/116.out;\x1f;wv
xortool_out/117.out;\x18<p 
xortool_out/118.out;\x18<pu
xortool_out/119.out;\x18<pq
xortool_out/120.out;\x19=q!
xortool_out/121.out;\x19=qt
xortool_out/122.out;\x19=qp
xortool_out/123.out;\x1a>r"
xortool_out/124.out;\x1a>rw
xortool_out/125.out;\x1a>rs
xortool_out/126.out;\x1b?s#
xortool_out/127.out;\x1b?sv
xortool_out/128.out;\x1b?sr
xortool_out/129.out;\x140|,
xortool_out/130.out;\x140|y
xortool_out/131.out;\x140|}
xortool_out/132.out;\x151}-
xortool_out/133.out;\x151}x
xortool_out/134.out;\x151}|
xortool_out/135.out;\x162~.
xortool_out/136.out;\x162~{
xortool_out/137.out;\x162~\x7f
xortool_out/138.out;\x173\x7f\x2f
xortool_out/139.out;\x173\x7fz
xortool_out/140.out;\x173\x7f~
xortool_out/141.out;\x104x(
xortool_out/142.out;\x104x}
xortool_out/143.out;\x104xy
xortool_out/144.out;\x115y)
xortool_out/145.out;\x115y|
xortool_out/146.out;\x115yx
xortool_out/147.out;\x126z*
xortool_out/148.out;\x126z\x7f
xortool_out/149.out;\x126z{
xortool_out/150.out;\x137{+
xortool_out/151.out;\x137{~
xortool_out/152.out;\x137{z
xortool_out/153.out;\x0c(d4
xortool_out/154.out;\x0c(da
xortool_out/155.out;\x0c(de
xortool_out/156.out;\r)e5
xortool_out/157.out;\r)e`
xortool_out/158.out;\r)ed
xortool_out/159.out;\x0e*f6
xortool_out/160.out;\x0e*fc
xortool_out/161.out;\x0e*fg
xortool_out/162.out;\x0f+g7
xortool_out/163.out;\x0f+gb
xortool_out/164.out;\x0f+gf
xortool_out/165.out;\x08,`0
xortool_out/166.out;\x08,`e
xortool_out/167.out;\x08,`a
xortool_out/168.out;\t-a1
xortool_out/169.out;\t-ad
xortool_out/170.out;\t-a`
xortool_out/171.out;\n.b2
xortool_out/172.out;\n.bg
xortool_out/173.out;\n.bc
xortool_out/174.out;\x0b\x2fc3
xortool_out/175.out;\x0b\x2fcf
xortool_out/176.out;\x0b\x2fcb
xortool_out/177.out;\x04 l<
xortool_out/178.out;\x04 li
xortool_out/179.out;\x04 lm
xortool_out/180.out;\x05!m=
xortool_out/181.out;\x05!mh
xortool_out/182.out;\x05!ml
xortool_out/183.out;\x06"n>
xortool_out/184.out;\x06"nk
xortool_out/185.out;\x06"no
xortool_out/186.out;}Y\x15E
xortool_out/187.out;}Y\x15\x10
xortool_out/188.out;}Y\x15\x14
xortool_out/189.out;~Z\x16F
xortool_out/190.out;~Z\x16\x13
xortool_out/191.out;~Z\x16\x17
xortool_out/192.out;\x7f[\x17G
xortool_out/193.out;\x7f[\x17\x12
xortool_out/194.out;\x7f[\x17\x16
xortool_out/195.out;x\\\x10@
xortool_out/196.out;x\\\x10\x15
xortool_out/197.out;x\\\x10\x11
xortool_out/198.out;y]\x11A
xortool_out/199.out;y]\x11\x14
xortool_out/200.out;y]\x11\x10
xortool_out/201.out;z^\x12B
xortool_out/202.out;z^\x12\x17
xortool_out/203.out;z^\x12\x13
xortool_out/204.out;{_\x13C
xortool_out/205.out;{_\x13\x16
xortool_out/206.out;{_\x13\x12
xortool_out/207.out;tP\x1cL
xortool_out/208.out;tP\x1c\x19
xortool_out/209.out;tP\x1c\x1d
xortool_out/210.out;uQ\x1dM
xortool_out/211.out;uQ\x1d\x18
xortool_out/212.out;uQ\x1d\x1c
xortool_out/213.out;vR\x1eN
xortool_out/214.out;vR\x1e\x1b
xortool_out/215.out;vR\x1e\x1f
xortool_out/216.out;wS\x1fO
xortool_out/217.out;wS\x1f\x1a
xortool_out/218.out;wS\x1f\x1e
xortool_out/219.out;pT\x18H
xortool_out/220.out;pT\x18\x1d
xortool_out/221.out;pT\x18\x19
xortool_out/222.out;qU\x19I
xortool_out/223.out;qU\x19\x1c
xortool_out/224.out;qU\x19\x18
xortool_out/225.out;rV\x1aJ
xortool_out/226.out;rV\x1a\x1f
xortool_out/227.out;rV\x1a\x1b
xortool_out/228.out;sW\x1bK
xortool_out/229.out;sW\x1b\x1e
xortool_out/230.out;sW\x1b\x1a
xortool_out/231.out;fB\x0e^
xortool_out/232.out;fB\x0e\x0b
xortool_out/233.out;fB\x0e\x0f
xortool_out/234.out;gC\x0f_
xortool_out/235.out;gC\x0f\n
xortool_out/236.out;gC\x0f\x0e
xortool_out/237.out;`D\x08X
xortool_out/238.out;`D\x08\r
xortool_out/239.out;`D\x08\t
xortool_out/240.out;aE\tY
xortool_out/241.out;aE\t\x0c
xortool_out/242.out;aE\t\x08
xortool_out/243.out;bF\nZ
xortool_out/244.out;bF\n\x0f
xortool_out/245.out;bF\n\x0b
xortool_out/246.out;cG\x0b[
xortool_out/247.out;cG\x0b\x0e
xortool_out/248.out;cG\x0b\n
xortool_out/249.out;\x1c8t$
xortool_out/250.out;\x1c8tq
xortool_out/251.out;\x1c8tu
xortool_out/252.out;\x07#o?
xortool_out/253.out;\x07#oj
xortool_out/254.out;\x07#on
xortool_out/255.out;\x00$h8
xortool_out/256.out;\x00$hm
xortool_out/257.out;\x00$hi
xortool_out/258.out;\x01%i9
xortool_out/259.out;\x01%il
xortool_out/260.out;\x01%ih
xortool_out/261.out;\x02&j:
xortool_out/262.out;\x02&jo
xortool_out/263.out;\x02&jk
xortool_out/264.out;\x03'k;
xortool_out/265.out;\x03'kn
xortool_out/266.out;\x03'kj
xortool_out/267.out;<\x18T\x04
xortool_out/268.out;<\x18TQ
xortool_out/269.out;<\x18TU
xortool_out/270.out;'\x03O\x1f
xortool_out/271.out;'\x03OJ
xortool_out/272.out;'\x03ON
xortool_out/273.out; \x04H\x18
xortool_out/274.out; \x04HM
xortool_out/275.out; \x04HI
xortool_out/276.out;!\x05I\x19
xortool_out/277.out;!\x05IL
xortool_out/278.out;!\x05IH
xortool_out/279.out;"\x06J\x1a
xortool_out/280.out;"\x06JO
xortool_out/281.out;"\x06JK
xortool_out/282.out;|X\x14D
xortool_out/283.out;|X\x14\x11
xortool_out/284.out;|X\x14\x15
xortool_out/285.out;Uq=m
xortool_out/286.out;Uq=8
xortool_out/287.out;Uq=<
xortool_out/288.out;Vr>n
xortool_out/289.out;Vr>;
xortool_out/290.out;Vr>?
xortool_out/291.out;Qu9i
xortool_out/292.out;Qu9<
xortool_out/293.out;Qu98
xortool_out/294.out;Ws?o
xortool_out/295.out;Ws?:
xortool_out/296.out;Ws?>
xortool_out/297.out;Pt8h
xortool_out/298.out;Pt8=
xortool_out/299.out;Pt89
